{"val_loss": [0.10052703656256198, 0.09863800443708896, 0.09674032516777516, 0.09493012800812721, 0.09362217374145984, 0.0896597970277071, 0.08188324123620987, 0.07466154508292674, 0.07067820355296135, 0.06863686591386794, 0.06708104386925698, 0.06624477691948413, 0.06436587758362293, 0.06310846805572509, 0.06241076774895191, 0.061195542477071284, 0.06012811623513699, 0.05939810369163752, 0.058554818481206895, 0.05769914109259844, 0.056809376925230026, 0.05725399479269981, 0.05567594841122627, 0.05492540821433067, 0.05434020571410656, 0.05452321507036686, 0.05347659531980753, 0.053076484426856044, 0.05284194182604551, 0.05196590386331081, 0.05162776000797749, 0.05103095099329948, 0.05111604630947113, 0.05093932580202818, 0.05092554613947868, 0.05010499507188797, 0.050181650556623936, 0.04987806379795075, 0.0495214469730854, 0.04857032522559166, 0.0487793231382966, 0.047587806545197966, 0.04788671769201756, 0.04737853985279798, 0.0482564015313983, 0.047142093256115916, 0.04648196566849947, 0.04637887980788946, 0.04674822688102722, 0.04611632712185383, 0.04546763207763434, 0.045671699568629265, 0.04788800124078989, 0.04516010843217373, 0.04514498207718134, 0.0451220178976655, 0.04545537456870079, 0.04473085086792707, 0.044360029697418216, 0.044534397684037684, 0.045598102547228334, 0.04524394385516643, 0.04367872681468725, 0.0438407639041543, 0.04334085863083601, 0.04383411407470703, 0.0440219558775425, 0.042513380944728854, 0.04310219045728445, 0.042785471118986604, 0.04319337625056505, 0.04302842374891043, 0.042414795234799386, 0.04265748467296362, 0.04217655435204506, 0.042600782960653304, 0.042163293622434136, 0.04221302792429924, 0.04261934943497181, 0.04138594549149275, 0.04185908231884241, 0.041252297908067705, 0.04135195463895798, 0.04095020350068808, 0.04108347427099943, 0.04075948316603899, 0.04110752753913403, 0.040812185406684874, 0.041797390580177306, 0.040450900234282015, 0.0401313466951251, 0.04022784400731325, 0.0399686373770237, 0.039589382521808145, 0.040242037177085875, 0.040499480254948136, 0.039368808083236215, 0.040176032669842245, 0.039286236837506296, 0.040414362028241155], "loss": [0.10262766756117343, 0.09970868684351444, 0.09780706815421582, 0.0958138882368803, 0.09433619990944862, 0.09206043325364589, 0.08571923337876797, 0.07844761028885841, 0.07260189324617386, 0.06988028205931186, 0.06800102733075619, 0.06679032690823078, 0.06523245565593243, 0.06403883777558804, 0.0628384282067418, 0.061714812889695166, 0.060622881837189196, 0.05973307214677334, 0.05899560652673244, 0.05821720063686371, 0.05750351712107658, 0.056922772601246834, 0.05634691242128611, 0.055518563874065875, 0.05504272535443306, 0.054357993081212044, 0.05374766711145639, 0.05325438927859068, 0.05301396500319242, 0.052570458836853504, 0.05212297596037388, 0.051536555774509905, 0.05134676832705736, 0.050887133181095126, 0.050640784427523615, 0.049990589432418346, 0.049913260079920294, 0.049398186095058916, 0.0490698853507638, 0.04875130172818899, 0.04843431953340769, 0.04801747348159552, 0.04826352663338184, 0.047389316149055956, 0.04748734589666128, 0.04730525370687246, 0.04695533480495215, 0.04651885703206062, 0.04642625220119953, 0.04593978580087423, 0.04616741683334112, 0.04567394535988569, 0.04547363974153996, 0.04549824170768261, 0.04517446998506784, 0.044829643107950685, 0.04475491281598806, 0.04493976775556803, 0.04428626887500286, 0.04423449497669935, 0.04397997777909041, 0.04410717036575079, 0.04378222655504942, 0.04340369168668985, 0.04349939357489348, 0.04325153045356274, 0.043307143151760104, 0.043307125419378284, 0.04275127533823252, 0.0427904861047864, 0.04285417702049017, 0.04270319689065218, 0.042896437123417855, 0.04265239976346493, 0.0421589283272624, 0.041922832317650316, 0.04167331770062446, 0.04162193574011326, 0.0417789838090539, 0.04148308753967285, 0.04151622638106346, 0.04142351698130369, 0.04113433491438627, 0.04098808519542217, 0.04091627426445484, 0.040785499773919584, 0.04067130785435438, 0.040759620927274226, 0.040666543841362, 0.040250401347875595, 0.04053003277629614, 0.04019640188664198, 0.039880703985691074, 0.03975897766649723, 0.03971668936312198, 0.0394826877489686, 0.03955235000699758, 0.039956161715090276, 0.0394510006159544, 0.0391629096865654]}