{"val_loss": [0.10709692165255547, 0.10111482813954353, 0.09925892539322376, 0.09792354814708233, 0.09708291068673133, 0.09670261777937413, 0.09615499936044217, 0.09586113691329956, 0.09530270919203758, 0.09507174603641033, 0.09420602470636368, 0.09341426528990268, 0.09176454730331898, 0.08903067372739315, 0.08664877973496914, 0.08468954227864742, 0.08275076262652874, 0.08057697676122189, 0.07889576405286788, 0.07807611264288425, 0.07633842937648297, 0.07529607973992825, 0.07481594830751419, 0.07404473461210728, 0.07415388263761998, 0.07281150035560131, 0.07240600883960724, 0.07178214751183987, 0.07015835680067539, 0.06945767737925053, 0.0682625025510788, 0.06750804930925369, 0.06844530962407588, 0.0667406354099512, 0.0657930128276348, 0.0656055487692356, 0.06521749831736087, 0.06465021632611752, 0.06327456254512072, 0.06304345335811376, 0.063286954164505, 0.062176548130810264, 0.06175452079623937, 0.060939539968967435, 0.06041186489164829, 0.06107082348316908, 0.06048748809844255, 0.060154042579233645, 0.05945813357830047, 0.05866256020963192, 0.058214389719069004, 0.05911645274609327, 0.05796194951981306, 0.05758369024842978, 0.05866187456995249, 0.05742808543145657, 0.057664706744253634, 0.057085021212697026, 0.05659020822495222, 0.05690201185643673, 0.05677514337003231, 0.05712469834834337, 0.05584987159818411, 0.056780838035047056, 0.05529849659651518, 0.05588955543935299, 0.05478344485163689, 0.05570989288389683, 0.05465177241712808, 0.05508604142814875, 0.05454550590366125, 0.054412763193249704, 0.055195295438170436, 0.053906075470149514, 0.05363647062331438, 0.05326544549316168, 0.053602767176926136, 0.05409683156758547, 0.053358625061810015, 0.05414668172597885, 0.0530480133369565, 0.05300459992140531, 0.053059738501906394, 0.0526897955685854, 0.05215550754219293, 0.052216111682355404, 0.052521415427327155, 0.0533608740195632, 0.05239527244120836, 0.052909315750002864, 0.05181220229715109, 0.0524360915645957, 0.05173243023455143, 0.05199703723192215, 0.05152950622141361, 0.05171507615596056, 0.051641038805246356, 0.05077134408056736, 0.05091721769422293, 0.051777228526771066], "loss": [0.15326386518776416, 0.10342211291193962, 0.10003822214901448, 0.09853316701948643, 0.09749995417892933, 0.09685270093381405, 0.0963272561132908, 0.0958998753130436, 0.09551705963909626, 0.09509361930191516, 0.09464792482554912, 0.09390517719089984, 0.09257778383791447, 0.09036998741328717, 0.08799999259412289, 0.08601007916033268, 0.08393011279404164, 0.08190798953175545, 0.07983234234154224, 0.07832764193415642, 0.07717825181782245, 0.07625778242945672, 0.07543273665010929, 0.07485062211751937, 0.07413556978106499, 0.07343957267701626, 0.07249680876731873, 0.07166012898087501, 0.07066473133862018, 0.06970603838562965, 0.06886782363057137, 0.06845841951668262, 0.06762359954416752, 0.06707027308642864, 0.0661668249964714, 0.06547132305800915, 0.06551503572613, 0.06499687559902668, 0.06406853299587965, 0.06351084385067224, 0.06333596870303154, 0.0628062878549099, 0.062113328240811824, 0.06169200081378221, 0.061071934401988985, 0.060891045778989794, 0.06076414540410042, 0.06017118662595749, 0.059940512031316756, 0.05939968504011631, 0.05887900225818157, 0.058926831409335134, 0.05836649555712938, 0.05841800458729267, 0.05794431071728468, 0.057697652876377105, 0.05733902428299189, 0.05715779017657042, 0.05699630212038755, 0.05664352249354124, 0.056788904927670955, 0.056416051127016545, 0.05617898225784302, 0.05649914816021919, 0.05569363974034786, 0.05539633627980947, 0.05528948068618775, 0.05494301110506058, 0.05513465631753206, 0.05467978484928608, 0.05491501856595278, 0.054351606555283066, 0.05423586647957564, 0.05438465647399426, 0.05401498798280954, 0.053827152624726295, 0.05361898731440306, 0.05344610795378685, 0.05326105199754238, 0.05335878796875477, 0.053073313795030115, 0.053250241950154306, 0.05269404910504818, 0.05267216984182596, 0.05266210332512856, 0.05242823727428913, 0.0523403212800622, 0.052099528647959234, 0.05232775606215, 0.05226816400885582, 0.05200204033404589, 0.05204547457396984, 0.05196524579077959, 0.05151773303747177, 0.051431073285639284, 0.051185069009661674, 0.05146112512797117, 0.05143512658774853, 0.05098977420479059, 0.05068237267434597]}